family,nodeCount,edgeCount,profileId,iterations,rankGap,nodeGap,edgeLength,latencyMs,p95LatencyMs,loss,edgeStress,referenceIterations
chain,24,23,fast-flat,32,96,76,130,0.2488,0.2488,0.2791,0.254,360
chain,24,23,fast-flat,96,96,76,130,0.5909,0.5909,0.2788,0.2526,360
chain,24,23,fast-flat,224,96,76,130,1.1465,1.1465,0.2788,0.2525,360
chain,24,23,balanced-hierarchy,32,136,92,170,0.1267,0.1267,0.1465,0.1953,360
chain,24,23,balanced-hierarchy,96,136,92,170,0.2492,0.2492,0.1463,0.1945,360
chain,24,23,balanced-hierarchy,224,136,92,170,0.5487,0.5487,0.1463,0.1945,360
chain,24,23,quality-spacious,32,180,118,230,0.1107,0.1107,0.0003,0.2131,360
chain,24,23,quality-spacious,96,180,118,230,0.2452,0.2452,0,0.2123,360
chain,24,23,quality-spacious,224,180,118,230,0.5297,0.5297,0,0.2123,360
chain,64,63,fast-flat,32,96,76,130,0.7609,0.7609,0.273,0.2587,360
chain,64,63,fast-flat,96,96,76,130,1.6521,1.6521,0.273,0.2582,360
chain,64,63,fast-flat,224,96,76,130,5.399,5.399,0.273,0.2582,360
chain,64,63,balanced-hierarchy,32,136,92,170,0.5904,0.5904,0.1431,0.1983,360
chain,64,63,balanced-hierarchy,96,136,92,170,2.5069,2.5069,0.143,0.198,360
chain,64,63,balanced-hierarchy,224,136,92,170,4.2243,4.2243,0.143,0.198,360
chain,64,63,quality-spacious,32,180,118,230,2.9015,2.9015,0.0001,0.2158,360
chain,64,63,quality-spacious,96,180,118,230,1.7075,1.7075,0,0.2155,360
chain,64,63,quality-spacious,224,180,118,230,3.5914,3.5914,0,0.2155,360
chain,128,127,fast-flat,32,96,76,130,2.8866,2.8866,0.2712,0.2602,360
chain,128,127,fast-flat,96,96,76,130,13.7612,13.7612,0.2712,0.2599,360
chain,128,127,fast-flat,224,96,76,130,46.0941,46.0941,0.2712,0.2599,360
chain,128,127,balanced-hierarchy,32,136,92,170,5.6582,5.6582,0.1421,0.1992,360
chain,128,127,balanced-hierarchy,96,136,92,170,38.0374,38.0374,0.1421,0.199,360
chain,128,127,balanced-hierarchy,224,136,92,170,35.1158,35.1158,0.1421,0.199,360
chain,128,127,quality-spacious,32,180,118,230,30.4521,30.4521,0,0.2166,360
chain,128,127,quality-spacious,96,180,118,230,49.3048,49.3048,0,0.2165,360
chain,128,127,quality-spacious,224,180,118,230,37.4902,37.4902,0,0.2165,360
chain,256,255,fast-flat,32,96,76,130,14.7115,14.7115,0.2703,0.2608,360
chain,256,255,fast-flat,96,96,76,130,83.9211,83.9211,0.2703,0.2607,360
chain,256,255,fast-flat,224,96,76,130,195.3656,195.3656,0.2703,0.2607,360
chain,256,255,balanced-hierarchy,32,136,92,170,18.5755,18.5755,0.1416,0.1996,360
chain,256,255,balanced-hierarchy,96,136,92,170,24.3222,24.3222,0.1416,0.1995,360
chain,256,255,balanced-hierarchy,224,136,92,170,192.6467,192.6467,0.1416,0.1995,360
chain,256,255,quality-spacious,32,180,118,230,32.1363,32.1363,0,0.217,360
chain,256,255,quality-spacious,96,180,118,230,59.932,59.932,0,0.2169,360
chain,256,255,quality-spacious,224,180,118,230,112.9374,112.9374,0,0.2169,360
chain,512,511,fast-flat,32,96,76,130,131.2833,131.2833,0.2699,0.2612,280
chain,512,511,fast-flat,96,96,76,130,354.3509,354.3509,0.2699,0.2611,280
chain,512,511,fast-flat,224,96,76,130,458.5302,458.5302,0.2699,0.2611,280
chain,512,511,balanced-hierarchy,32,136,92,170,55.493,55.493,0.1414,0.1998,280
chain,512,511,balanced-hierarchy,96,136,92,170,184.8303,184.8303,0.1414,0.1998,280
chain,512,511,balanced-hierarchy,224,136,92,170,632.1172,632.1172,0.1414,0.1997,280
chain,512,511,quality-spacious,32,180,118,230,44.7984,44.7984,0,0.2172,280
chain,512,511,quality-spacious,96,180,118,230,140.1735,140.1735,0,0.2172,280
chain,512,511,quality-spacious,224,180,118,230,564.6244,564.6244,0,0.2172,280
chain,1024,1023,fast-flat,32,96,76,130,263.6441,263.6441,0.2697,0.2614,220
chain,1024,1023,fast-flat,96,96,76,130,1133.1209,1133.1209,0.2697,0.2613,220
chain,1024,1023,fast-flat,224,96,76,130,1582.2375,1582.2375,0.2697,0.2613,220
chain,1024,1023,balanced-hierarchy,32,136,92,170,207.5773,207.5773,0.1412,0.1999,220
chain,1024,1023,balanced-hierarchy,96,136,92,170,991.8572,991.8572,0.1412,0.1999,220
chain,1024,1023,balanced-hierarchy,224,136,92,170,2407.9727,2407.9727,0.1412,0.1999,220
chain,1024,1023,quality-spacious,32,180,118,230,221.886,221.886,0,0.2173,220
chain,1024,1023,quality-spacious,96,180,118,230,728.9886,728.9886,0,0.2173,220
chain,1024,1023,quality-spacious,224,180,118,230,2212.4852,2212.4852,0,0.2173,220
layered-dag,24,34,fast-flat,32,96,76,130,0.1299,0.1299,0.3017,0.1345,360
layered-dag,24,34,fast-flat,96,96,76,130,0.2868,0.2868,0.2756,0.1621,360
layered-dag,24,34,fast-flat,224,96,76,130,1.0623,1.0623,0.2529,0.1792,360
layered-dag,24,34,balanced-hierarchy,32,136,92,170,0.1949,0.1949,0.2016,0.1023,360
layered-dag,24,34,balanced-hierarchy,96,136,92,170,0.3345,0.3345,0.1768,0.1165,360
layered-dag,24,34,balanced-hierarchy,224,136,92,170,0.6188,0.6188,0.149,0.1318,360
layered-dag,24,34,quality-spacious,32,180,118,230,0.114,0.114,0.092,0.1122,360
layered-dag,24,34,quality-spacious,96,180,118,230,0.2849,0.2849,0.0692,0.106,360
layered-dag,24,34,quality-spacious,224,180,118,230,0.7908,0.7908,0.0328,0.1169,360
layered-dag,64,105,fast-flat,32,96,76,130,2.2729,2.2729,0.291,0.1266,360
layered-dag,64,105,fast-flat,96,96,76,130,93.8521,93.8521,0.2708,0.1509,360
layered-dag,64,105,fast-flat,224,96,76,130,7.0965,7.0965,0.25,0.1829,360
layered-dag,64,105,balanced-hierarchy,32,136,92,170,0.5319,0.5319,0.1864,0.0994,360
layered-dag,64,105,balanced-hierarchy,96,136,92,170,1.5299,1.5299,0.1684,0.1086,360
layered-dag,64,105,balanced-hierarchy,224,136,92,170,6.9493,6.9493,0.1457,0.1267,360
layered-dag,64,105,quality-spacious,32,180,118,230,0.6223,0.6223,0.0719,0.1225,360
layered-dag,64,105,quality-spacious,96,180,118,230,1.5497,1.5497,0.0552,0.1139,360
layered-dag,64,105,quality-spacious,224,180,118,230,81.4445,81.4445,0.0262,0.1108,360
layered-dag,128,223,fast-flat,32,96,76,130,2.2184,2.2184,0.2708,0.1296,360
layered-dag,128,223,fast-flat,96,96,76,130,9.1519,9.1519,0.2566,0.1477,360
layered-dag,128,223,fast-flat,224,96,76,130,112.1169,112.1169,0.2407,0.1831,360
layered-dag,128,223,balanced-hierarchy,32,136,92,170,3.6201,3.6201,0.1661,0.1019,360
layered-dag,128,223,balanced-hierarchy,96,136,92,170,7.4542,7.4542,0.1539,0.1062,360
layered-dag,128,223,balanced-hierarchy,224,136,92,170,99.9972,99.9972,0.1375,0.1247,360
layered-dag,128,223,quality-spacious,32,180,118,230,3.806,3.806,0.0533,0.1273,360
layered-dag,128,223,quality-spacious,96,180,118,230,10.8485,10.8485,0.0413,0.1196,360
layered-dag,128,223,quality-spacious,224,180,118,230,32.5006,32.5006,0.02,0.114,360
layered-dag,256,465,fast-flat,32,96,76,130,17.6227,17.6227,0.2708,0.1327,360
layered-dag,256,465,fast-flat,96,96,76,130,107.2987,107.2987,0.2593,0.1362,360
layered-dag,256,465,fast-flat,224,96,76,130,219.4445,219.4445,0.2449,0.1659,360
layered-dag,256,465,balanced-hierarchy,32,136,92,170,92.2619,92.2619,0.1623,0.1038,360
layered-dag,256,465,balanced-hierarchy,96,136,92,170,35.3534,35.3534,0.1529,0.1023,360
layered-dag,256,465,balanced-hierarchy,224,136,92,170,341.3665,341.3665,0.1393,0.1147,360
layered-dag,256,465,quality-spacious,32,180,118,230,22.812,22.812,0.0419,0.1304,360
layered-dag,256,465,quality-spacious,96,180,118,230,84.4691,84.4691,0.0329,0.1243,360
layered-dag,256,465,quality-spacious,224,180,118,230,157.2866,157.2866,0.0162,0.1184,360
layered-dag,512,956,fast-flat,32,96,76,130,171.0027,171.0027,0.2519,0.1371,280
layered-dag,512,956,fast-flat,96,96,76,130,440.7858,440.7858,0.2439,0.1353,280
layered-dag,512,956,fast-flat,224,96,76,130,894.2877,894.2877,0.2333,0.1559,280
layered-dag,512,956,balanced-hierarchy,32,136,92,170,101.5174,101.5174,0.1453,0.1062,280
layered-dag,512,956,balanced-hierarchy,96,136,92,170,301.8864,301.8864,0.1391,0.1034,280
layered-dag,512,956,balanced-hierarchy,224,136,92,170,681.1257,681.1257,0.1299,0.1093,280
layered-dag,512,956,quality-spacious,32,180,118,230,112.146,112.146,0.0231,0.1328,280
layered-dag,512,956,quality-spacious,96,180,118,230,274.3755,274.3755,0.0168,0.1278,280
layered-dag,512,956,quality-spacious,224,180,118,230,487.8526,487.8526,0.0049,0.1226,280
layered-dag,1024,1953,fast-flat,32,96,76,130,265.6747,265.6747,0.2579,0.1416,220
layered-dag,1024,1953,fast-flat,96,96,76,130,1034.2477,1034.2477,0.2521,0.1369,220
layered-dag,1024,1953,fast-flat,224,96,76,130,2487.4745,2487.4745,0.244,0.1456,220
layered-dag,1024,1953,balanced-hierarchy,32,136,92,170,341.3757,341.3757,0.1448,0.1084,220
layered-dag,1024,1953,balanced-hierarchy,96,136,92,170,557.8116,557.8116,0.1405,0.1051,220
layered-dag,1024,1953,balanced-hierarchy,224,136,92,170,1428.6917,1428.6917,0.1338,0.1065,220
layered-dag,1024,1953,quality-spacious,32,180,118,230,259.2804,259.2804,0.0134,0.1349,220
layered-dag,1024,1953,quality-spacious,96,180,118,230,679.6793,679.6793,0.0087,0.131,220
layered-dag,1024,1953,quality-spacious,224,180,118,230,1677.3771,1677.3771,0.0003,0.1265,220
binary-tree,24,23,fast-flat,32,96,76,130,0.0994,0.0994,0.2315,0.2278,360
binary-tree,24,23,fast-flat,96,96,76,130,0.3308,0.3308,0.2102,0.1893,360
binary-tree,24,23,fast-flat,224,96,76,130,0.6879,0.6879,0.1871,0.1854,360
binary-tree,24,23,balanced-hierarchy,32,136,92,170,0.1173,0.1173,0.1641,0.1949,360
binary-tree,24,23,balanced-hierarchy,96,136,92,170,0.2445,0.2445,0.1411,0.1605,360
binary-tree,24,23,balanced-hierarchy,224,136,92,170,0.6525,0.6525,0.1158,0.1338,360
binary-tree,24,23,quality-spacious,32,180,118,230,0.1089,0.1089,0.1231,0.1869,360
binary-tree,24,23,quality-spacious,96,180,118,230,0.302,0.302,0.0851,0.1552,360
binary-tree,24,23,quality-spacious,224,180,118,230,1.4987,1.4987,0.0361,0.1217,360
binary-tree,64,63,fast-flat,32,96,76,130,0.5334,0.5334,0.2169,1.4057,360
binary-tree,64,63,fast-flat,96,96,76,130,1.5077,1.5077,0.1861,0.7332,360
binary-tree,64,63,fast-flat,224,96,76,130,47.4958,47.4958,0.1748,0.3761,360
binary-tree,64,63,balanced-hierarchy,32,136,92,170,0.5165,0.5165,0.1994,1.3141,360
binary-tree,64,63,balanced-hierarchy,96,136,92,170,2.4395,2.4395,0.133,0.6676,360
binary-tree,64,63,balanced-hierarchy,224,136,92,170,6.9034,6.9034,0.1084,0.3358,360
binary-tree,64,63,quality-spacious,32,180,118,230,0.6857,0.6857,0.2604,1.3039,360
binary-tree,64,63,quality-spacious,96,180,118,230,4.0524,4.0524,0.1344,0.6388,360
binary-tree,64,63,quality-spacious,224,180,118,230,4.8413,4.8413,0.0435,0.3092,360
binary-tree,128,127,fast-flat,32,96,76,130,3.3911,3.3911,0.2462,3.8579,360
binary-tree,128,127,fast-flat,96,96,76,130,8.1517,8.1517,0.1893,1.93,360
binary-tree,128,127,fast-flat,224,96,76,130,21.4976,21.4976,0.1745,0.7793,360
binary-tree,128,127,balanced-hierarchy,32,136,92,170,4.0164,4.0164,0.2648,3.7141,360
binary-tree,128,127,balanced-hierarchy,96,136,92,170,66.2096,66.2096,0.1642,1.9737,360
binary-tree,128,127,balanced-hierarchy,224,136,92,170,20.7004,20.7004,0.1075,0.7572,360
binary-tree,128,127,quality-spacious,32,180,118,230,2.358,2.358,0.3624,3.6958,360
binary-tree,128,127,quality-spacious,96,180,118,230,12.2222,12.2222,0.2339,2.1938,360
binary-tree,128,127,quality-spacious,224,180,118,230,21.1299,21.1299,0.0693,0.8203,360
binary-tree,256,255,fast-flat,32,96,76,130,16.9305,16.9305,0.1864,9.7142,360
binary-tree,256,255,fast-flat,96,96,76,130,110.6497,110.6497,0.1505,6.5718,360
binary-tree,256,255,fast-flat,224,96,76,130,161.4961,161.4961,0.1504,2.7779,360
binary-tree,256,255,balanced-hierarchy,32,136,92,170,14.3811,14.3811,0.1986,9.2064,360
binary-tree,256,255,balanced-hierarchy,96,136,92,170,57.5473,57.5473,0.1411,6.6632,360
binary-tree,256,255,balanced-hierarchy,224,136,92,170,106.9944,106.9944,0.0831,3.181,360
binary-tree,256,255,quality-spacious,32,180,118,230,37.3606,37.3606,0.2771,8.9666,360
binary-tree,256,255,quality-spacious,96,180,118,230,77.6774,77.6774,0.2118,6.9749,360
binary-tree,256,255,quality-spacious,224,180,118,230,156.5553,156.5553,0.0971,3.9117,360
binary-tree,512,511,fast-flat,32,96,76,130,122.1017,122.1017,0.1328,21.9711,280
binary-tree,512,511,fast-flat,96,96,76,130,187.3812,187.3812,0.1354,18.1953,280
binary-tree,512,511,fast-flat,224,96,76,130,571.7195,571.7195,0.1568,11.8925,280
binary-tree,512,511,balanced-hierarchy,32,136,92,170,53.5575,53.5575,0.0927,20.5908,280
binary-tree,512,511,balanced-hierarchy,96,136,92,170,148.5947,148.5947,0.0829,17.6309,280
binary-tree,512,511,balanced-hierarchy,224,136,92,170,398.2566,398.2566,0.0925,12.4995,280
binary-tree,512,511,quality-spacious,32,180,118,230,36.0988,36.0988,0.1106,19.794,280
binary-tree,512,511,quality-spacious,96,180,118,230,181.5769,181.5769,0.0809,17.5481,280
binary-tree,512,511,quality-spacious,224,180,118,230,528.5091,528.5091,0.0239,13.5086,280
binary-tree,1024,1023,fast-flat,32,96,76,130,210.2692,210.2692,0.1369,46.7937,220
binary-tree,1024,1023,fast-flat,96,96,76,130,610.4159,610.4159,0.1432,42.6892,220
binary-tree,1024,1023,fast-flat,224,96,76,130,2249.5615,2249.5615,0.1586,35.0941,220
binary-tree,1024,1023,balanced-hierarchy,32,136,92,170,271.652,271.652,0.0798,43.5894,220
binary-tree,1024,1023,balanced-hierarchy,96,136,92,170,1021.4519,1021.4519,0.0841,40.4131,220
binary-tree,1024,1023,balanced-hierarchy,224,136,92,170,3800.4651,3800.4651,0.0984,34.4479,220
binary-tree,1024,1023,quality-spacious,32,180,118,230,332.3558,332.3558,0.042,41.6159,220
binary-tree,1024,1023,quality-spacious,96,180,118,230,1071.4013,1071.4013,0.0276,39.238,220
binary-tree,1024,1023,quality-spacious,224,180,118,230,2616.4795,2616.4795,0.0009,34.7045,220
hub-spoke,24,29,fast-flat,32,96,76,130,0.1137,0.1137,0.1814,0.8226,360
hub-spoke,24,29,fast-flat,96,96,76,130,0.4694,0.4694,0.1492,0.4697,360
hub-spoke,24,29,fast-flat,224,96,76,130,1.098,1.098,0.1585,0.4307,360
hub-spoke,24,29,balanced-hierarchy,32,136,92,170,0.2271,0.2271,0.2224,0.8247,360
hub-spoke,24,29,balanced-hierarchy,96,136,92,170,0.4943,0.4943,0.0881,0.4002,360
hub-spoke,24,29,balanced-hierarchy,224,136,92,170,0.8968,0.8968,0.0954,0.3494,360
hub-spoke,24,29,quality-spacious,32,180,118,230,0.882,0.882,0.4151,0.9344,360
hub-spoke,24,29,quality-spacious,96,180,118,230,0.3203,0.3203,0.1192,0.3564,360
hub-spoke,24,29,quality-spacious,224,180,118,230,16.0776,16.0776,0.0234,0.2954,360
hub-spoke,64,78,fast-flat,32,96,76,130,0.6576,0.6576,0.8482,5.8995,360
hub-spoke,64,78,fast-flat,96,96,76,130,2.0299,2.0299,0.3601,2.2776,360
hub-spoke,64,78,fast-flat,224,96,76,130,6.3586,6.3586,0.1055,0.7324,360
hub-spoke,64,78,balanced-hierarchy,32,136,92,170,0.99,0.99,1.1505,5.8157,360
hub-spoke,64,78,balanced-hierarchy,96,136,92,170,11.8964,11.8964,0.6505,2.653,360
hub-spoke,64,78,balanced-hierarchy,224,136,92,170,5.8031,5.8031,0.0686,0.6729,360
hub-spoke,64,78,quality-spacious,32,180,118,230,1.5412,1.5412,1.6506,5.9046,360
hub-spoke,64,78,quality-spacious,96,180,118,230,6.3829,6.3829,1.1423,3.252,360
hub-spoke,64,78,quality-spacious,224,180,118,230,37.8104,37.8104,0.3026,0.8043,360
hub-spoke,128,162,fast-flat,32,96,76,130,2.4179,2.4179,0.3497,16.0025,360
hub-spoke,128,162,fast-flat,96,96,76,130,23.8242,23.8242,0.2072,10.6282,360
hub-spoke,128,162,fast-flat,224,96,76,130,68.7851,68.7851,0.1036,3.654,360
hub-spoke,128,162,balanced-hierarchy,32,136,92,170,5.8344,5.8344,0.4665,15.2361,360
hub-spoke,128,162,balanced-hierarchy,96,136,92,170,10.0863,10.0863,0.3271,10.9589,360
hub-spoke,128,162,balanced-hierarchy,224,136,92,170,22.1724,22.1724,0.0739,4.7465,360
hub-spoke,128,162,quality-spacious,32,180,118,230,3.3698,3.3698,0.6685,14.894,360
hub-spoke,128,162,quality-spacious,96,180,118,230,36.8697,36.8697,0.5377,11.6044,360
hub-spoke,128,162,quality-spacious,224,180,118,230,44.4775,44.4775,0.2847,6.3452,360
hub-spoke,256,328,fast-flat,32,96,76,130,33.5236,33.5236,0.1669,36.4441,360
hub-spoke,256,328,fast-flat,96,96,76,130,88.0661,88.0661,0.1327,30.3648,360
hub-spoke,256,328,fast-flat,224,96,76,130,116.2219,116.2219,0.1471,19.9784,360
hub-spoke,256,328,balanced-hierarchy,32,136,92,170,33.1609,33.1609,0.1822,34.19,360
hub-spoke,256,328,balanced-hierarchy,96,136,92,170,36.7797,36.7797,0.1303,29.4519,360
hub-spoke,256,328,balanced-hierarchy,224,136,92,170,122.1986,122.1986,0.0724,21.1357,360
hub-spoke,256,328,quality-spacious,32,180,118,230,54.9571,54.9571,0.2674,32.8891,360
hub-spoke,256,328,quality-spacious,96,180,118,230,72.35,72.35,0.2149,29.3306,360
hub-spoke,256,328,quality-spacious,224,180,118,230,184.0544,184.0544,0.1114,22.8709,360
hub-spoke,512,664,fast-flat,32,96,76,130,96.2749,96.2749,0.1496,78.9376,280
hub-spoke,512,664,fast-flat,96,96,76,130,304.5229,304.5229,0.1523,72.5247,280
hub-spoke,512,664,fast-flat,224,96,76,130,566.0394,566.0394,0.1742,60.5199,280
hub-spoke,512,664,balanced-hierarchy,32,136,92,170,88.6981,88.6981,0.0964,73.5417,280
hub-spoke,512,664,balanced-hierarchy,96,136,92,170,269.6925,269.6925,0.0906,68.597,280
hub-spoke,512,664,balanced-hierarchy,224,136,92,170,715.2272,715.2272,0.103,59.2111,280
hub-spoke,512,664,quality-spacious,32,180,118,230,107.2466,107.2466,0.0946,70.2089,280
hub-spoke,512,664,quality-spacious,96,180,118,230,385.9852,385.9852,0.0702,66.5199,280
hub-spoke,512,664,quality-spacious,224,180,118,230,666.3786,666.3786,0.0213,59.4487,280
hub-spoke,1024,1338,fast-flat,32,96,76,130,333.8144,333.8144,0.1596,164.564,220
hub-spoke,1024,1338,fast-flat,96,96,76,130,710.1158,710.1158,0.1637,157.9969,220
hub-spoke,1024,1338,fast-flat,224,96,76,130,2184.0934,2184.0934,0.1755,145.2562,220
hub-spoke,1024,1338,balanced-hierarchy,32,136,92,170,416.9324,416.9324,0.0953,152.8116,220
hub-spoke,1024,1338,balanced-hierarchy,96,136,92,170,1319.5015,1319.5015,0.0981,147.7718,220
hub-spoke,1024,1338,balanced-hierarchy,224,136,92,170,2762.4865,2762.4865,0.1087,137.9328,220
hub-spoke,1024,1338,quality-spacious,32,180,118,230,569.0331,569.0331,0.035,145.3619,220
hub-spoke,1024,1338,quality-spacious,96,180,118,230,1520.0452,1520.0452,0.0231,141.6236,220
hub-spoke,1024,1338,quality-spacious,224,180,118,230,2587.3624,2587.3624,0.0008,134.2803,220
clustered-modules,24,42,fast-flat,32,96,76,130,0.1194,0.1194,0.2896,0.3399,360
clustered-modules,24,42,fast-flat,96,96,76,130,0.2845,0.2845,0.2659,0.296,360
clustered-modules,24,42,fast-flat,224,96,76,130,0.5939,0.5939,0.2521,0.2863,360
clustered-modules,24,42,balanced-hierarchy,32,136,92,170,0.1046,0.1046,0.2055,0.3352,360
clustered-modules,24,42,balanced-hierarchy,96,136,92,170,0.2615,0.2615,0.1716,0.291,360
clustered-modules,24,42,balanced-hierarchy,224,136,92,170,0.7611,0.7611,0.145,0.2739,360
clustered-modules,24,42,quality-spacious,32,180,118,230,0.1697,0.1697,0.1496,0.3424,360
clustered-modules,24,42,quality-spacious,96,180,118,230,0.296,0.296,0.0954,0.2844,360
clustered-modules,24,42,quality-spacious,224,180,118,230,1.4378,1.4378,0.0376,0.2652,360
clustered-modules,64,120,fast-flat,32,96,76,130,0.6757,0.6757,0.2325,0.3366,360
clustered-modules,64,120,fast-flat,96,96,76,130,5.7168,5.7168,0.2231,0.3168,360
clustered-modules,64,120,fast-flat,224,96,76,130,12.3975,12.3975,0.2147,0.3104,360
clustered-modules,64,120,balanced-hierarchy,32,136,92,170,7.0531,7.0531,0.1446,0.3242,360
clustered-modules,64,120,balanced-hierarchy,96,136,92,170,3.4456,3.4456,0.133,0.2895,360
clustered-modules,64,120,balanced-hierarchy,224,136,92,170,6.3231,6.3231,0.1198,0.2798,360
clustered-modules,64,120,quality-spacious,32,180,118,230,1.0192,1.0192,0.0823,0.331,360
clustered-modules,64,120,quality-spacious,96,180,118,230,15.0834,15.0834,0.0585,0.2839,360
clustered-modules,64,120,quality-spacious,224,180,118,230,4.7643,4.7643,0.0268,0.2703,360
clustered-modules,128,244,fast-flat,32,96,76,130,2.7995,2.7995,0.2106,0.3718,360
clustered-modules,128,244,fast-flat,96,96,76,130,23.0144,23.0144,0.2056,0.3566,360
clustered-modules,128,244,fast-flat,224,96,76,130,25.9841,25.9841,0.1997,0.3588,360
clustered-modules,128,244,balanced-hierarchy,32,136,92,170,2.1172,2.1172,0.1217,0.3577,360
clustered-modules,128,244,balanced-hierarchy,96,136,92,170,6.8458,6.8458,0.1175,0.3296,360
clustered-modules,128,244,balanced-hierarchy,224,136,92,170,43.6508,43.6508,0.1095,0.326,360
clustered-modules,128,244,quality-spacious,32,180,118,230,5.6318,5.6318,0.0631,0.3736,360
clustered-modules,128,244,quality-spacious,96,180,118,230,24.4066,24.4066,0.0413,0.324,360
clustered-modules,128,244,quality-spacious,224,180,118,230,86.6985,86.6985,0.0186,0.3121,360
clustered-modules,256,496,fast-flat,32,96,76,130,30.7665,30.7665,0.2075,0.4111,360
clustered-modules,256,496,fast-flat,96,96,76,130,86.1928,86.1928,0.2057,0.4007,360
clustered-modules,256,496,fast-flat,224,96,76,130,121.0846,121.0846,0.202,0.3988,360
clustered-modules,256,496,balanced-hierarchy,32,136,92,170,15.2616,15.2616,0.1129,0.4058,360
clustered-modules,256,496,balanced-hierarchy,96,136,92,170,71.2521,71.2521,0.1135,0.3776,360
clustered-modules,256,496,balanced-hierarchy,224,136,92,170,135.0564,135.0564,0.1091,0.3705,360
clustered-modules,256,496,quality-spacious,32,180,118,230,11.7053,11.7053,0.0559,0.4309,360
clustered-modules,256,496,quality-spacious,96,180,118,230,50.246,50.246,0.0306,0.3761,360
clustered-modules,256,496,quality-spacious,224,180,118,230,133.2498,133.2498,0.0145,0.3616,360
clustered-modules,512,1000,fast-flat,32,96,76,130,172.2378,172.2378,0.2014,0.4756,280
clustered-modules,512,1000,fast-flat,96,96,76,130,288.0959,288.0959,0.2022,0.4434,280
clustered-modules,512,1000,fast-flat,224,96,76,130,502.8001,502.8001,0.1996,0.4416,280
clustered-modules,512,1000,balanced-hierarchy,32,136,92,170,95.3391,95.3391,0.107,0.4747,280
clustered-modules,512,1000,balanced-hierarchy,96,136,92,170,369.7732,369.7732,0.1089,0.4271,280
clustered-modules,512,1000,balanced-hierarchy,224,136,92,170,689.7119,689.7119,0.1069,0.4151,280
clustered-modules,512,1000,quality-spacious,32,180,118,230,141.8101,141.8101,0.0517,0.4906,280
clustered-modules,512,1000,quality-spacious,96,180,118,230,262.9639,262.9639,0.0188,0.4305,280
clustered-modules,512,1000,quality-spacious,224,180,118,230,456.8799,456.8799,0.0047,0.4081,280
clustered-modules,1024,2016,fast-flat,32,96,76,130,370.416,370.416,0.2011,0.5064,220
clustered-modules,1024,2016,fast-flat,96,96,76,130,1037.4821,1037.4821,0.2025,0.4666,220
clustered-modules,1024,2016,fast-flat,224,96,76,130,1788.4993,1788.4993,0.2006,0.47,220
clustered-modules,1024,2016,balanced-hierarchy,32,136,92,170,189.8511,189.8511,0.1064,0.5016,220
clustered-modules,1024,2016,balanced-hierarchy,96,136,92,170,660.9775,660.9775,0.1077,0.454,220
clustered-modules,1024,2016,balanced-hierarchy,224,136,92,170,1581.5562,1581.5562,0.1071,0.4426,220
clustered-modules,1024,2016,quality-spacious,32,180,118,230,246.5,246.5,0.0437,0.5135,220
clustered-modules,1024,2016,quality-spacious,96,180,118,230,596.422,596.422,0.0164,0.4659,220
clustered-modules,1024,2016,quality-spacious,224,180,118,230,2067.5246,2067.5246,0.0003,0.437,220
